PhilosopherID,Episode,Title,URL
P001,3,Episode #003 ... Socrates and the Sophists,https://philosophizethis.libsyn.com/episode-003-socrates-and-the-sophists
P002,4,Episode #004 ... Plato,https://philosophizethis.libsyn.com/episode-004-plato
P003,5,Episode #005 ... Aristotle Pt. 1,https://philosophizethis.libsyn.com/episode-005-aristotle-pt-1
P003,6,Episode #006 ... Aristotle Pt. 2,https://philosophizethis.libsyn.com/episode-006-aristotle-pt-2
P004,10,Episode #010 ... The Hellenistic Age Pt. 1 - Epicurus,https://philosophizethis.libsyn.com/episode-010-the-hellenistic-age-pt-1-epicurus
P005,11,Episode #011 ... The Hellenistic Age Pt. 2 - The Early Stoa and the Cynics,https://philosophizethis.libsyn.com/episode-011-the-hellenistic-age-pt-2-the-early-stoa-and-the-cynics
P006,12,Episode #012 ... The Hellenistic Age Pt. 3 - Hallmarks of Stoic Ethics,https://philosophizethis.libsyn.com/episode-012-the-hellenistic-age-pt-3-hallmarks-of-stoic-ethics
P007,12,Episode #012 ... The Hellenistic Age Pt. 3 - Hallmarks of Stoic Ethics,https://philosophizethis.libsyn.com/episode-012-the-hellenistic-age-pt-3-hallmarks-of-stoic-ethics
P008,236,Episode #236 ... Meditations - Marcus Aurelius,https://podcasts.apple.com/us/podcast/episode-236-meditations-marcus-aurelius/id659155419?i=1000726595464
P009,15,Episode #015 ... A Period of Transition - Plotinus,https://philosophizethis.libsyn.com/episode-015-a-period-of-transition-plotinus
P010,16,Episode #016 ... Saint Augustine,https://philosophizethis.libsyn.com/episode-016-saint-augustine
P011,17,Episode #017 ... Boethius,https://philosophizethis.libsyn.com/episode-017-boethius
P013,21,Episode #021 ... One God - St. Thomas Aquinas,https://philosophizethis.libsyn.com/episode-021-one-god-st-thomas-aquinas
P017,18,Episode #018 ... Avicenna,https://philosophizethis.libsyn.com/episode-018-avicenna
P020,23,Episode #023 ... Machiavelli,https://philosophizethis.libsyn.com/episode-023-machiavelli
P021,28,Episode #028 ... Rene Descartes pt. 1 - Context,https://philosophizethis.libsyn.com/episode-028-rene-descartes-pt-1-a-little-context
P021,29,Episode #029 ... Descartes pt. 2 - See episode description,https://philosophizethis.libsyn.com/episode-029-descartes-pt-2-visionary-genius
P021,30,Episode #030 ... Descartes pt. 3 - God Exists,https://philosophizethis.libsyn.com/episode-030-descartes-pt-3-god-exists
P022,33,Episode #033 ... Spinoza pt. 1 - From Baruch to Benedicto,https://philosophizethis.libsyn.com/episode-033-spinoza-pt-1-from-baruch-to-benedicto
P022,34,Episode #034 ... Spinoza pt. 2 - Force of Nature,https://philosophizethis.libsyn.com/episode-034-spinoza-pt-2-force-of-nature
P023,37,Episode #037 ... Leibniz pt. 1 - A Million Points of Light,https://philosophizethis.libsyn.com/episode-037-leibniz-pt-1-a-million-points-of-light
P023,38,Episode #038 ... Leibniz pt. 2 - The Best of All Possible Worlds,https://philosophizethis.libsyn.com/episode-038-leibniz-pt-2-the-best-of-all-possible-worlds
P024,26,Episode #026 ... Thomas Hobbes pt. 1 - The Social Contract,https://philosophizethis.libsyn.com/episode-026-thomas-hobbes-pt-1-the-social-contract
P024,27,Episode #027 ... Thomas Hobbes pt. 2,https://philosophizethis.libsyn.com/episode-027-thomas-hobbes-pt-2
P024,187,"Episode #187 ... How much freedom would you trade for security? (Foucault, Hobbes, Mill, Agamben)",https://podcasts.apple.com/us/podcast/episode-187-how-much-freedom-would-you-trade-for-security/id659155419?i=1000626289528
P025,35,Episode #035 ... John Locke pt. 1,https://philosophizethis.libsyn.com/episode-035-john-locke-pt-1-from-sea-to-shining-sea
P025,36,Episode #036 ... John Locke pt. 2 - The Blank Slate,https://philosophizethis.libsyn.com/episode-036-john-locke-pt-2-the-blank-slate
P027,51,Episode #051 ... David Hume pt. 1,https://philosophizethis.libsyn.com/episode-051-david-hume-pt-1
P027,52,Episode #052 ... David Hume pt. 2 - Design,https://philosophizethis.libsyn.com/episode-052-david-hume-pt-2-design
P027,53,Episode #053 ... David Hume pt. 3 - Custom,https://podcasts.apple.com/us/podcast/episode-053-david-hume-pt-3-custom/id659155419?i=1000337714087
P027,54,Episode #054 ... Hume pt. 4 - Art,https://podcasts.apple.com/us/podcast/episode-054-hume-pt-4-art/id659155419?i=1000338607221
P027,55,Episode #055 ... Interview on Hume with Massimo Pigliucci,https://podcasts.apple.com/us/podcast/episode-055-interview-on-hume-with-massimo-pigliucci/id659155419?i=1000338884291
P028,45,Episode #045 ... Rousseau Government pt. 1,https://philosophizethis.libsyn.com/episode-045-rousseau-government-pt-1
P028,46,"Episode #046 ... Rousseau pt. 2 - Democracy, Aristocracy or Monarchy?",https://philosophizethis.libsyn.com/episode-046-rousseau-pt-2-democracy-aristocracy-or-monarchy
P028,47,Episode #047 ... Rousseau pt. 3 - The General Will,https://philosophizethis.libsyn.com/episode-047-rousseau-pt-3-the-general-will
P029,56,Episode #056 ... Kant pt. 1 - An Introduction to the Introduction,https://podcasts.apple.com/us/podcast/episode-056-kant-pt-1-an-introduction-to-the-introduction/id659155419?i=1000340493477
P029,57,Episode #057 ... Kant pt. 2 - The Actual Introduction,https://podcasts.apple.com/us/podcast/episode-057-kant-pt-2-the-actual-introduction/id659155419?i=1000341912812
P029,58,Episode #058 ... Kant pt. 3 - Deontology vs Consequentialism,https://podcasts.apple.com/us/podcast/episode-058-kant-pt-3-deontology-vs-consequentialism/id659155419?i=1000342638250
P029,59,Episode #059 ... Kant pt. 4 - Categorical Trolley Cars,https://podcasts.apple.com/us/podcast/episode-059-kant-pt-4-categorical-trolley-cars/id659155419?i=1000343307235
P029,60,Episode #060 ... Kant pt. 5 - The Sublime,https://podcasts.apple.com/us/podcast/episode-060-kant-pt-5-the-sublime/id659155419?i=1000343655094
P029,61,Episode #061 ... Kant pt. 6 - What is Enlightenment?,https://podcasts.apple.com/us/podcast/episode-061-kant-pt-6-what-is-enlightenment/id659155419?i=1000369880140
P029,62,Episode #062 ... Kant pt. 7 - Suicide,https://podcasts.apple.com/us/podcast/episode-062-kant-pt-7-suicide/id659155419?i=1000345437440
P029,63,Episode #063 ... Kant pt. 8 - Limits of Knowledge,https://podcasts.apple.com/us/podcast/episode-063-kant-pt-8-limits-of-knowledge/id659155419?i=1000346085644
P030,65,Episode #065 ... Mary Wollstonecraft,https://podcasts.apple.com/us/podcast/episode-065-mary-wollstonecraft/id659155419?i=1000351567554
P031,48,Episode #048 ... Adam Smith pt. 1 - Specialization,https://philosophizethis.libsyn.com/episode-048-adam-smith-pt-1-specialization
P031,49,Episode #049 ... Adam Smith pt. 2 - The Tip of the Iceberg of Wealth,https://philosophizethis.libsyn.com/episode-049-adam-smith-pt-2-the-tip-of-the-iceberg-of-wealth
P032,66,Episode #066 ... Hegel pt. 1 - Introduction,https://podcasts.apple.com/us/podcast/episode-066-hegel-pt-1-introduction/id659155419?i=1000352164458
P032,67,Episode #067 ... What Hegel Was Saying!,https://podcasts.apple.com/us/podcast/episode-067-what-hegel-was-saying/id659155419?i=1000352783119
P032,74,Episode #074 ... Hegel Returns,https://podcasts.apple.com/us/podcast/episode-074-hegel-returns/id659155419?i=1000359119922
P032,76,Episode #076 ... Hegel's God,https://podcasts.apple.com/us/podcast/episode-076-hegels-god/id659155419?i=1000359983750
P033,98,Episode #098 ... Schopenhauer pt. 1 - Metaphysics and Love,https://podcasts.apple.com/us/podcast/episode-098-schopenhauer-pt-1-metaphysics-and-love/id659155419?i=1000382592607
P033,99,Episode #099 ... Schopenhauer pt. 2 - Ethics,https://podcasts.apple.com/us/podcast/episode-099-schopenhauer-pt-2-ethics/id659155419?i=1000383259142
P033,237,"Episode #237 ... The Stoics Are Wrong - Nietzsche, Schopenhauer",https://podcasts.apple.com/us/podcast/episode-237-the-stoics-are-wrong-nietzsche-schopenhauer/id659155419?i=1000729399124
P034,77,Episode #077 ... Marx and Kierkegaard on Religion pt. 1,https://podcasts.apple.com/us/podcast/episode-077-marx-and-kierkegaard-on-religion-pt-1/id659155419?i=1000360797227
P034,78,Episode #078 ... Marx and Kierkegaard on Religion pt. 2,https://podcasts.apple.com/us/podcast/episode-078-marx-and-kierkegaard-on-religion-pt-2/id659155419?i=1000361411929
P034,82,Episode #082 ... Austrians and Marx,https://podcasts.apple.com/us/podcast/episode-082-austrians-and-marx/id659155419?i=1000369416183
P034,199,"Episode #199 ... A conservative communist's take on global capitalism and desire. (Zizek, Marx, Lacan)",https://podcasts.apple.com/us/podcast/episode-199-a-conservative-communists-take-on/id659155419?i=1000652491983
P034,200,"Episode #200 ... The Postmodern subject and ""ideology without ideology"" (Zizek, Byung Chul Han, Marx)",https://podcasts.apple.com/us/podcast/episode-200-the-postmodern-subject-and-ideology/id659155419?i=1000653750316
P035,187,"Episode #187 ... How much freedom would you trade for security? (Foucault, Hobbes, Mill, Agamben)",https://podcasts.apple.com/us/podcast/episode-187-how-much-freedom-would-you-trade-for-security/id659155419?i=1000626289528
P036,77,Episode #077 ... Marx and Kierkegaard on Religion pt. 1,https://podcasts.apple.com/us/podcast/episode-077-marx-and-kierkegaard-on-religion-pt-1/id659155419?i=1000360797227
P036,78,Episode #078 ... Marx and Kierkegaard on Religion pt. 2,https://podcasts.apple.com/us/podcast/episode-078-marx-and-kierkegaard-on-religion-pt-2/id659155419?i=1000361411929
P036,79,Episode #079 ... Kierkegaard on Anxiety,https://podcasts.apple.com/us/podcast/episode-079-kierkegaard-on-anxiety/id659155419?i=1000365319572
P036,160,"Episode #160 ... The Creation of Meaning - Kierkegaard - Silence, Obedience and Joy",https://podcasts.apple.com/us/podcast/episode-160-the-creation-of-meaning-kierkegaard/id659155419?i=1000547040246
P037,90,Episode #090 ... Nietzsche pt. 1 - God is dead and so is Captain Morgan,https://podcasts.apple.com/us/podcast/episode-090-nietzsche-pt-1-god-is-dead-and-so-is/id659155419?i=1000374615352
P037,91,Episode #091 ... Nietzsche pt. 2 - The Will to Power,https://podcasts.apple.com/us/podcast/episode-091-nietzsche-pt-2-the-will-to-power/id659155419?i=1000375576689
P037,92,Episode #092 ... Nietzsche pt. 3 - Thus Spoke Zarathustra,https://podcasts.apple.com/us/podcast/episode-092-nietzsche-pt-3-thus-spoke-zarathustra/id659155419?i=1000376174059
P037,93,Episode #093 ... Nietzsche pt. 4 - Love,https://podcasts.apple.com/us/podcast/episode-093-nietzsche-pt-4-love/id659155419?i=1000377535617
P037,158,Episode #158 ... The Creation of Meaning - Nietzsche - The Ascetic Ideal,https://podcasts.apple.com/us/podcast/episode-158-the-creation-of-meaning-nietzsche/id659155419?i=1000537662574
P037,159,Episode #159 ... The Creation of Meaning - Nietzsche - Amor Fati,https://podcasts.apple.com/us/podcast/episode-159-the-creation-of-meaning-nietzsche-amor-fati/id659155419?i=1000541397002
P037,211,Episode #211 ... Nietzsche returns with a hammer!,https://podcasts.apple.com/us/podcast/episode-211-nietzsche-returns-with-a-hammer/id659155419?i=1000670317546
P037,212,Episode #212 ... Nietzsche and Critchley on the tragic perspective. (Amor Fati pt. 2),https://podcasts.apple.com/us/podcast/episode-212-nietzsche-and-critchley-on-the/id659155419?i=1000671336975
P037,213,"Episode #213 ... Deleuze Interprets Nietzsche (Difference, Joy, Affirmation)",https://podcasts.apple.com/us/podcast/episode-213-deleuze-interprets-nietzsche-difference/id659155419?i=1000672935487
P037,237,"Episode #237 ... The Stoics Are Wrong - Nietzsche, Schopenhauer",https://podcasts.apple.com/us/podcast/episode-237-the-stoics-are-wrong-nietzsche-schopenhauer/id659155419?i=1000729399124
P039,84,Episode #084 ... William James on Truth,https://podcasts.apple.com/us/podcast/episode-084-william-james-on-truth/id659155419?i=1000370717157
P043,97,Episode #097 ... Wittgenstein ep. 1,https://podcasts.apple.com/us/podcast/episode-097-wittgenstein-ep-1/id659155419?i=1000382034020
P043,231,Episode #231 ... The Late Work of Wittgenstein - Language Games,https://podcasts.apple.com/us/podcast/episode-231-the-late-work-of-wittgenstein-language-games/id659155419?i=1000714957437
P050,161,Episode #161 ... Karl Popper - The Open Society and Its Enemies,https://podcasts.apple.com/us/podcast/episode-161-karl-popper-the-open-society-and-its-enemies/id659155419?i=1000547934516
P052,100,Episode #100 ... Heidegger pt. 1 - Phenomenology and Dasein,https://podcasts.apple.com/us/podcast/episode-100-heidegger-pt-1-phenomenology-and-dasein/id659155419?i=1000384370798
P052,101,Episode #101 ... Heidegger pt. 2 - Science and Technology,https://podcasts.apple.com/us/podcast/episode-101-heidegger-pt-2-science-and-technology/id659155419?i=1000384925332
P052,102,Episode #102 ... Heidegger pt. 3 - Authenticity,https://podcasts.apple.com/us/podcast/episode-102-heidegger-pt-3-authenticity/id659155419?i=1000385359743
P052,214,Episode #214 ... Framing our Being in a completely different way. (Heidegger),https://podcasts.apple.com/us/podcast/episode-214-framing-our-being-in-a-completely/id659155419?i=1000673859309
P052,215,"Episode #215 ... How Mysticism is missing in our modern lives. (Critchley, Heidegger)",https://podcasts.apple.com/us/podcast/episode-215-how-mysticism-is-missing-in-our-modern/id659155419?i=1000675112590
P053,86,Episode #086 ... Sartre and Camus pt. 1 - Freedom,https://podcasts.apple.com/us/podcast/episode-086-sartre-and-camus-pt-1-freedom/id659155419?i=1000371592243
P053,87,Episode #087 ... Sartre and Camus pt. 2,https://podcasts.apple.com/us/podcast/episode-087-sartre-and-camus-pt-2/id659155419?i=1000372469443
P053,88,Episode #088 ... Sartre and Camus pt. 3 - The Great Debate,https://podcasts.apple.com/us/podcast/episode-088-sartre-and-camus-pt-3-the-great-debate/id659155419?i=1000373171226
P053,103,Episode #103 ... Sartre and Camus pt. 4 - The Quest For Certainty,https://podcasts.apple.com/us/podcast/episode-103-sartre-and-camus-pt-4-the-quest-for-certainty/id659155419?i=1000385784884
P053,104,Episode #104 ... Sartre and Camus pt. 5 - Consciousness is Freedom,https://podcasts.apple.com/us/podcast/episode-104-sartre-and-camus-pt-5-consciousness-is-freedom/id659155419?i=1000386019795
P053,105,Episode #105 ... Sartre and Camus pt. 6 - The Self,https://podcasts.apple.com/us/podcast/episode-105-sartre-and-camus-pt-6-the-self/id659155419?i=1000389690195
P054,89,Episode #089 ... Simone De Beauvoir - The Second Sex,https://podcasts.apple.com/us/podcast/episode-089-simone-de-beauvoir-the-second-sex/id659155419?i=1000374222801
P054,106,Episode #106 ... Simone De Beauvoir pt. 2 - The Ethics of Ambiguity,https://podcasts.apple.com/us/podcast/episode-106-simone-de-beauvoir-pt-2-the-ethics-of-ambiguity/id659155419?i=1000390051032
P054,107,Episode #107 ... Simone De Beauvoir pt .3 - Responsibility,https://podcasts.apple.com/us/podcast/episode-107-simone-de-beauvoir-pt-3-responsibility/id659155419?i=1000390432684
P054,157,Episode #157 ... The Creation of Meaning - Beauvoir,https://podcasts.apple.com/us/podcast/episode-157-the-creation-of-meaning-beauvoir/id659155419?i=1000534030551
P056,136,Episode #136 ... Hannah Arendt - The Banality of Evil,https://podcasts.apple.com/us/podcast/episode-136-hannah-arendt-the-banality-of-evil/id659155419?i=1000455644671
P056,229,"Episode #229 - Kafka and Totalitarianism (Arendt, Adorno)",https://podcasts.apple.com/us/podcast/episode-229-kafka-and-totalitarianism-arendt-adorno/id659155419?i=1000709744062
P057,108,Episode #108 ... The Frankfurt School pt. 1 - Introduction,https://podcasts.apple.com/us/podcast/episode-108-the-frankfurt-school-pt-1-introduction/id659155419?i=1000391139209
P057,229,"Episode #229 - Kafka and Totalitarianism (Arendt, Adorno)",https://podcasts.apple.com/us/podcast/episode-229-kafka-and-totalitarianism-arendt-adorno/id659155419?i=1000709744062
P058,108,Episode #108 ... The Frankfurt School pt. 1 - Introduction,https://podcasts.apple.com/us/podcast/episode-108-the-frankfurt-school-pt-1-introduction/id659155419?i=1000391139209
P059,108,Episode #108 ... The Frankfurt School pt. 1 - Introduction,https://podcasts.apple.com/us/podcast/episode-108-the-frankfurt-school-pt-1-introduction/id659155419?i=1000391139209
P060,121,Episode #121 ... Michel Foucault pt. 1,https://podcasts.apple.com/us/podcast/episode-121-michel-foucault-pt-1/id659155419?i=1000417823195
P060,122,Episode #122 ... Michel Foucault pt. 2 - The Order of Things,https://podcasts.apple.com/us/podcast/episode-122-michel-foucault-pt-2-the-order-of-things/id659155419?i=1000420318227
P060,123,Episode #123 ... Michel Foucault pt. 3 - Power,https://podcasts.apple.com/us/podcast/episode-123-michel-foucault-pt-3-power/id659155419?i=1000420318228
P060,186,"Episode #186 ... Are we heading for a digital prison? - Panopticon (Foucault, Bentham, Cave)",https://podcasts.apple.com/us/podcast/episode-186-are-we-heading-for-a-digital-prison/id659155419?i=1000625489626
P060,187,"Episode #187 ... How much freedom would you trade for security? (Foucault, Hobbes, Mill, Agamben)",https://podcasts.apple.com/us/podcast/episode-187-how-much-freedom-would-you-trade-for-security/id659155419?i=1000626289528
P061,143,Episode #143 ... Jürgen Habermas pt. 1 - The Public Sphere,https://podcasts.apple.com/us/podcast/episode-143-j%C3%BCrgen-habermas-pt-1-the-public-sphere/id659155419?i=1000473187185
P062,119,Episode #119 ... Derrida and Words,https://podcasts.apple.com/us/podcast/episode-119-derrida-and-words/id659155419?i=1000414549241
P063,125,Episode #125 ... Gilles Deleuze pt. 1 - What is Philosophy?,https://podcasts.apple.com/us/podcast/episode-125-gilles-deleuze-pt-1-what-is-philosophy/id659155419?i=1000425387243
P063,126,Episode #126 ... Gilles Deleuze pt. 2 - Immanence,https://podcasts.apple.com/us/podcast/episode-126-gilles-deleuze-pt-2-immanence/id659155419?i=1000426317923
P063,127,Episode #127 ... Gilles Deleuze pt. 3 - Anti-Oedipus,https://podcasts.apple.com/us/podcast/episode-127-gilles-deleuze-pt-3-anti-oedipus/id659155419?i=1000429356991
P063,128,Episode #128 ... Gilles Deleuze pt. 4 - Flows,https://podcasts.apple.com/us/podcast/episode-128-gilles-deleuze-pt-4-flows/id659155419?i=1000431863391
P063,129,Episode #129 ... Gilles Deleuze pt. 5 - Difference,https://podcasts.apple.com/us/podcast/episode-129-gilles-deleuze-pt-5-difference/id659155419?i=1000431863390
P063,213,"Episode #213 ... Deleuze Interprets Nietzsche (Difference, Joy, Affirmation)",https://podcasts.apple.com/us/podcast/episode-213-deleuze-interprets-nietzsche-difference/id659155419?i=1000672935487
P064,8,Episode #008 ... Confucianism,https://philosophizethis.libsyn.com/episode-008-confucianism
P067,7,Episode #007 ... Daoism,https://philosophizethis.libsyn.com/episode-007-daoism
P068,7,Episode #007 ... Daoism,https://philosophizethis.libsyn.com/episode-007-daoism
P090,137,Episode #137 ... John Rawls - A Theory of Justice,https://podcasts.apple.com/us/podcast/episode-137-john-rawls-a-theory-of-justice/id659155419?i=1000461190056
P091,138,Episode #138 ... Robert Nozick - The Minimal State,https://podcasts.apple.com/us/podcast/episode-138-robert-nozick-the-minimal-state/id659155419?i=1000463221581
P092,244,Episode #244 ... After Virtue - Alasdair MacIntyre (why moral conversations feel unsatisfying),https://podcasts.apple.com/us/podcast/episode-244-after-virtue-alasdair-macintyre-why-moral/id659155419?i=1000749333593
P092,245,Episode #245 ... The Rival Moral Approaches of the Modern World - Alasdair Macintyre,https://podcasts.apple.com/us/podcast/episode-245-the-rival-moral-approaches-of-the/id659155419?i=1000760948132
P092,246,Episode #246 ... The Myth of the Self-Made Person - Alasdair Macintyre,https://podcasts.apple.com/us/podcast/episode-246-the-myth-of-the-self-made/id659155419?i=1000763689871
P092,247,Episode #247 ... The Failure of the Modern University - Alasdair MacIntyre,https://podcasts.apple.com/us/podcast/episode-247-the-failure-of-the-modern/id659155419?i=1000767069755
P093,190,Episode #190 ... Are emotions a waste of time? - Neo-Stoicism (Martha Nussbaum),https://podcasts.apple.com/us/podcast/episode-190-are-emotions-a-waste-of-time-neo/id659155419?i=1000636627388
P093,207,Episode #207 ... Fear is toxic to a democracy. (Martha Nussbaum),https://podcasts.apple.com/us/podcast/episode-207-fear-is-toxic-to-a-democracy-martha-nussbaum/id659155419?i=1000663996542
P095,239,Episode #239 ... Authenticity and the history of the self.  (Charles Taylor),https://podcasts.apple.com/us/podcast/episode-239-authenticity-and-the-history-of/id659155419?i=1000732355680
P095,240,Episode #240 ... Varieties of Religion Today (Charles Taylor),https://podcasts.apple.com/us/podcast/episode-240-varieties-of-religion-today-charles-taylor/id659155419?i=1000735901328
P096,197,"Episode #197 ... New Atheists and cosmic purpose without God - (Zizek, Goff, Nagel)",https://podcasts.apple.com/us/podcast/episode-197-new-atheists-and-cosmic-purpose-without/id659155419?i=1000648628911
P098,85,Episode #085 ... Peter Singer on Effective Altruism,https://podcasts.apple.com/us/podcast/episode-085-peter-singer-on-effective-altruism/id659155419?i=1000371100655
P098,208,Episode #208 ... The moral evolution of a philosopher. (Peter Singer),https://podcasts.apple.com/us/podcast/episode-208-the-moral-evolution-of-a/id659155419?i=1000665800309
P098,209,"Episode #209 ... Improving our world through applied ethics. (Peter Singer, Katarzyna de Lazari-Radek)",https://podcasts.apple.com/us/podcast/episode-209-improving-our-world-through-applied-ethics/id659155419?i=1000666610565
P101,9,Episode #009 ... The Buddha,https://philosophizethis.libsyn.com/episode-009-the-buddha
P102,86,Episode #086 ... Sartre and Camus pt. 1 - Freedom,https://podcasts.apple.com/us/podcast/episode-086-sartre-and-camus-pt-1-freedom/id659155419?i=1000371592243
P102,87,Episode #087 ... Sartre and Camus pt. 2,https://podcasts.apple.com/us/podcast/episode-087-sartre-and-camus-pt-2/id659155419?i=1000372469443
P102,88,Episode #088 ... Sartre and Camus pt. 3 - The Great Debate,https://podcasts.apple.com/us/podcast/episode-088-sartre-and-camus-pt-3-the-great-debate/id659155419?i=1000373171226
P102,103,Episode #103 ... Sartre and Camus pt. 4 - The Quest For Certainty,https://podcasts.apple.com/us/podcast/episode-103-sartre-and-camus-pt-4-the-quest-for-certainty/id659155419?i=1000385784884
P102,104,Episode #104 ... Sartre and Camus pt. 5 - Consciousness is Freedom,https://podcasts.apple.com/us/podcast/episode-104-sartre-and-camus-pt-5-consciousness-is-freedom/id659155419?i=1000386019795
P102,105,Episode #105 ... Sartre and Camus pt. 6 - The Self,https://podcasts.apple.com/us/podcast/episode-105-sartre-and-camus-pt-6-the-self/id659155419?i=1000389690195
P102,170,Episode #170 ... Albert Camus - The Fall,https://podcasts.apple.com/us/podcast/episode-170-albert-camus-the-fall/id659155419?i=1000580469280
P102,224,Episode #224 ... Albert Camus - The Stranger,https://podcasts.apple.com/us/podcast/episode-224-albert-camus-the-stranger/id659155419?i=1000699305154
P102,225,Episode #225 ... Albert Camus - The Plague,https://podcasts.apple.com/us/podcast/episode-225-albert-camus-the-plague/id659155419?i=1000701138467
P102,226,Episode #226 - Albert Camus - The Rebel,https://podcasts.apple.com/us/podcast/episode-226-albert-camus-the-rebel/id659155419?i=1000702220001
P102,227,Episode #227 ... Albert Camus - On Exile,https://podcasts.apple.com/us/podcast/episode-227-albert-camus-on-exile/id659155419?i=1000704007038
P102,228,Episode #228 ... Albert Camus - Kafka and The Fall,https://podcasts.apple.com/us/podcast/episode-228-albert-camus-kafka-and-the-fall/id659155419?i=1000708128180
P103,172,Episode #172 ... Simone Weil - Attention,https://podcasts.apple.com/us/podcast/episode-172-simone-weil-attention/id659155419?i=1000587040323
P103,173,Episode #173 ... Simone Weil - The Need for Roots,https://podcasts.apple.com/us/podcast/episode-173-simone-weil-the-need-for-roots/id659155419?i=1000593344238
P103,174,Episode #174 ... Simone Weil - The Mathematician,https://podcasts.apple.com/us/podcast/episode-174-simone-weil-the-mathematician/id659155419?i=1000597757818
P103,175,Episode #175 ... Simone Weil - Vessels of God,https://podcasts.apple.com/us/podcast/episode-175-simone-weil-vessels-of-god/id659155419?i=1000597757817
P104,188,"Episode #188 ... Achievement Society and the rise of narcissism, depression and anxiety - Byung-Chul Han",https://podcasts.apple.com/us/podcast/episode-188-achievement-society-and-the-rise/id659155419?i=1000627026347
P104,189,Episode #189 ... Everything that connects us is slowly disappearing. - Byung Chul Han pt. 2,https://podcasts.apple.com/us/podcast/episode-189-everything-that-connects-us-is-slowly-disappearing/id659155419?i=1000630100135
P104,200,"Episode #200 ... The Postmodern subject and ""ideology without ideology"" (Zizek, Byung Chul Han, Marx)",https://podcasts.apple.com/us/podcast/episode-200-the-postmodern-subject-and-ideology/id659155419?i=1000653750316
P104,201,"Episode #201 ... Resistance, Love, and the importance of Failure. (Zizek, Byung Chul Han)",https://podcasts.apple.com/us/podcast/episode-201-resistance-love-and-the-importance/id659155419?i=1000654635493
P104,232,Episode #232 ... Byung Chul Han - The Crisis of Narration,https://podcasts.apple.com/us/podcast/episode-232-byung-chul-han-the-crisis-of-narration/id659155419?i=1000716229001
P104,235,Episode #235 ... The Philosophy of Zen Buddhism - Byung Chul Han,https://podcasts.apple.com/us/podcast/episode-235-the-philosophy-of-zen-buddhism-byung-chul-han/id659155419?i=1000724856356
P105,176,Episode #176 ... Susan Sontag - Do you criticize yourself the way you criticize a movie?,https://podcasts.apple.com/us/podcast/episode-176-susan-sontag-do-you-criticize-yourself/id659155419?i=1000602383709
P105,177,Episode #177 ... Susan Sontag - Do you speak the language of pictures and videos?,https://podcasts.apple.com/us/podcast/episode-177-susan-sontag-do-you-speak-the-language/id659155419?i=1000605253490
P105,178,Episode #178 ... Susan Sontag - How Much Is Your View Of Everything Affected By Metaphors?,https://podcasts.apple.com/us/podcast/episode-178-susan-sontag-how-much-is-your-view-of/id659155419?i=1000607544959
P106,216,Episode #216 ... The Self-Overcoming of Nihilism - Kyoto School pt. 1 - Nishitani,https://podcasts.apple.com/us/podcast/episode-216-the-self-overcoming-of-nihilism-kyoto/id659155419?i=1000677282149
P106,217,Episode #217 ... Religion and Nothingness - Kyoto School pt. 2 - Nishitani,https://podcasts.apple.com/us/podcast/episode-217-religion-and-nothingness-kyoto-school-pt/id659155419?i=1000679495917
P106,223,Episode #223 ... Religion and the duck-rabbit - Kyoto School pt. 3,https://podcasts.apple.com/us/podcast/episode-223-religion-and-the-duck-rabbit-kyoto-school-pt-3/id659155419?i=1000697263307
P107,196,Episode #196 ... The improbable Slavoj Zizek - Part 1,https://podcasts.apple.com/us/podcast/episode-196-the-improbable-slavoj-zizek-part-1/id659155419?i=1000646712597
P107,197,"Episode #197 ... New Atheists and cosmic purpose without God - (Zizek, Goff, Nagel)",https://podcasts.apple.com/us/podcast/episode-197-new-atheists-and-cosmic-purpose-without/id659155419?i=1000648628911
P107,198,"Episode #198 ... The truth is in the process. - Zizek pt. 3 (ideology, dialectics)",https://podcasts.apple.com/us/podcast/episode-198-the-truth-is-in-the-process-zizek-pt/id659155419?i=1000650231427
P107,199,"Episode #199 ... A conservative communist's take on global capitalism and desire. (Zizek, Marx, Lacan)",https://podcasts.apple.com/us/podcast/episode-199-a-conservative-communists-take-on/id659155419?i=1000652491983
P107,200,"Episode #200 ... The Postmodern subject and ""ideology without ideology"" (Zizek, Byung Chul Han, Marx)",https://podcasts.apple.com/us/podcast/episode-200-the-postmodern-subject-and-ideology/id659155419?i=1000653750316
P107,201,"Episode #201 ... Resistance, Love, and the importance of Failure. (Zizek, Byung Chul Han)",https://podcasts.apple.com/us/podcast/episode-201-resistance-love-and-the-importance/id659155419?i=1000654635493
